,Number of specimens,Proportion
AM,16458,62.51139471285324
PA,4833,18.356882406563354
RR,2296,8.72075357034336
RO,1507,5.723944089942267
AC,441,1.6750227894257064
MT,347,1.317988453357642
CE,281,1.067304770586448
SC,100,0.3798237617745366
AP,56,0.21270130659374048
MG,4,0.015192950470981464
BA,4,0.015192950470981464
SP,1,0.003798237617745366
