,Number of specimens,Proportion
Guiana,11283,43.63615268592645
Inambari,4873,18.84596047491975
Rondonia,3618,13.992342499129828
Imeri,3255,12.58846733959856
Tapajos,2328,9.003364659473256
Napo,352,1.3613334880303207
Xingu,148,0.5723788529218393
